Category,Role,Keywords,Skills,KPI,Tools
Sales,SDR v1,"inbound, qualification, SQL, discovery, nurturing, demos + prioritization, reporting, metrics","qualification, communication, CRM + problem solving, critical thinking","SQLs, demo rate, conversion rate + growth rate, ROI","HubSpot, Salesforce + Notion, Asana"
Sales,AE v1,"closing, ARR, revenue, sales cycle, negotiation, quota, forecasting + strategy, execution, roadmapping","negotiation, storytelling, strategy + adaptability, time management","ARR, win rate, quota attainment + growth rate, ROI","Salesforce, Gong, Zoom + Notion, Asana"
Sales,AM v1,"retention, renewals, expansion, churn, NRR, upsell + metrics, benchmarking, strategy","relationship mgmt, account strategy + time management, technical communication","NRR, churn, expansion revenue + ROI, accuracy","Gainsight, Salesforce + Power BI, Jira"
Sales,Sales Manager v1,"coaching, forecasting, pipeline, performance + strategy, automation, benchmarking","leadership, analytics + time management, problem solving","team quota, forecast accuracy + velocity, quality score","Salesforce + Asana, Google Workspace"
Sales,RevOps v1,"revenue ops, forecasting, processes, automation + experimenting, reporting, alignment","data analysis, systems thinking + collaboration, adaptability","revenue growth, efficiency + velocity, quality score","Salesforce, HubSpot, Tableau + Slack, Looker"
Marketing,Marketing Manager v1,"brand, campaigns, positioning, GTM + alignment, experimenting, cross-functional","strategy, leadership + problem solving, collaboration","CAC, MQLs + throughput, quality score","HubSpot, GA4 + Airtable, Miro"
Marketing,Growth Marketer v1,"experimentation, funnels, CRO, growth loops + alignment, forecasting, execution","analytics, creativity + time management, data literacy","conversion rate, LTV/CAC + ROI, growth rate","GA4, Mixpanel + Miro, Jira"
Marketing,Performance Marketer v1,"paid ads, PPC, ROAS, funnels + automation, cross-functional, benchmarking","data-driven thinking + problem solving, stakeholder management","ROAS, CPA + cycle time, ROI","Google Ads, Meta Ads + Notion, Looker"
Marketing,Content Marketer v1,"content, SEO, storytelling, copywriting + reporting, optimization, alignment","writing, SEO + data literacy, collaboration","organic traffic, engagement + throughput, ROI","Ahrefs, SEMrush + Looker, Google Workspace"
Marketing,SEO Specialist v1,"keywords, ranking, backlinks, SERP + roadmapping, benchmarking, experimenting","technical SEO + adaptability, technical communication","organic traffic + accuracy, efficiency","Ahrefs, Screaming Frog + Google Workspace, Miro"
Marketing,Product Marketing v1,"positioning, messaging, personas + roadmapping, forecasting, reporting","market analysis + data literacy, stakeholder management","adoption, retention + efficiency, cycle time","Notion, Figma + Google Workspace, Notion"
Marketing,Community Manager v1,"community, engagement, social media + benchmarking, roadmapping, execution","communication + time management, collaboration","engagement rate + throughput, velocity","Discord, LinkedIn + Miro, Google Workspace"
Product,Product Manager v1,"roadmap, backlog, discovery, MVP, prioritization + alignment, reporting, analysis","strategic thinking, communication + technical communication, critical thinking","feature adoption, retention + ROI, throughput","Jira, Productboard + Power BI, Figma"
Product,Product Owner v1,"backlog, user stories, agile + alignment, execution, experimenting","requirements mgmt + time management, stakeholder management","sprint velocity + growth rate, velocity","Jira + Slack, Miro"
Product,UX Researcher v1,"user research, interviews, personas + benchmarking, scaling, experimenting","empathy, analysis + data literacy, technical communication","insights generated + accuracy, quality score","UserTesting + Google Workspace, Jira"
Product,UX Designer v1,"UX, UI, wireframes, prototypes + metrics, alignment, scaling","design thinking + critical thinking, stakeholder management","usability score + cycle time, throughput","Figma + Power BI, Asana"
Product,Product Analyst v1,"metrics, cohorts, funnels + reporting, execution, roadmapping","data analysis + problem solving, data literacy","retention, DAU/MAU + throughput, velocity","SQL, Amplitude + Figma, Notion"
Engineering,Frontend Developer v1,"React, UI, performance, APIs + strategy, prioritization, optimization","coding, debugging + time management, stakeholder management","deployment frequency + quality score, efficiency","GitHub, React + Miro, Google Workspace"
Engineering,Backend Developer v1,"APIs, databases, architecture + benchmarking, roadmapping, prioritization","system design + technical communication, stakeholder management","latency, uptime + cycle time, velocity","Node, Python + Notion, Power BI"
Engineering,Full Stack Developer v1,"frontend, backend, databases + optimization, forecasting, cross-functional","versatility + data literacy, technical communication","delivery speed + accuracy, ROI","GitHub + Google Workspace, Asana"
Engineering,Mobile Developer v1,"iOS, Android, apps + reporting, experimenting, prioritization","mobile dev + time management, technical communication","crash rate + ROI, accuracy","Swift, Kotlin + Asana, Slack"
Engineering,DevOps Engineer v1,"CI/CD, cloud, infrastructure + strategy, scaling, metrics","automation + collaboration, critical thinking","uptime, MTTR + velocity, ROI","AWS, Docker + Notion, Looker"
Engineering,QA Engineer v1,"testing, automation, bugs + benchmarking, analysis, cross-functional","attention to detail + data literacy, stakeholder management","defect rate + velocity, ROI","Selenium + Looker, Power BI"
Engineering,Tech Lead v1,"architecture, mentoring, code quality + alignment, prioritization, strategy","leadership + problem solving, stakeholder management","delivery predictability + quality score, growth rate","GitHub + Power BI, Looker"
Engineering,CTO v1,"technology strategy, scalability + benchmarking, prioritization, metrics","leadership, vision + data literacy, collaboration","platform stability + cycle time, quality score","Cloud platforms + Slack, Figma"
Customer Success,CSM v1,"onboarding, adoption, retention, NPS + benchmarking, prioritization, metrics","relationship mgmt + problem solving, technical communication","NRR, churn + velocity, efficiency","Gainsight + Miro, Looker"
Customer Success,Support Agent v1,"tickets, troubleshooting, SLA + reporting, metrics, automation","problem-solving + collaboration, adaptability","CSAT, response time + growth rate, ROI","Zendesk + Looker, Figma"
Customer Success,Implementation Manager v1,"onboarding, integration + scaling, execution, experimenting","project mgmt + stakeholder management, adaptability","time-to-value + cycle time, efficiency","Jira + Figma, Airtable"
Customer Success,Head of CS v1,"retention strategy, scaling + alignment, execution, strategy","leadership + collaboration, adaptability","NRR, churn + accuracy, efficiency","CRM tools + Google Workspace, Looker"
HR,Recruiter v1,"hiring, sourcing, interviews + forecasting, roadmapping, benchmarking","communication + time management, problem solving","time-to-hire + efficiency, cycle time","LinkedIn Recruiter + Notion, Miro"
HR,HR Manager v1,"policies, culture, compliance + forecasting, automation, execution","leadership + technical communication, stakeholder management","attrition rate + cycle time, velocity","BambooHR + Airtable, Slack"
HR,People Partner v1,"engagement, performance + analysis, optimization, alignment","coaching + stakeholder management, collaboration","engagement score + velocity, efficiency","Lattice + Power BI, Slack"
HR,L&D Specialist v1,"training, development + reporting, analysis, execution","instructional design + adaptability, data literacy","training completion + velocity, efficiency","LMS + Jira, Airtable"
HR,Payroll Specialist v1,"payroll, compensation + strategy, prioritization, analysis","accuracy + collaboration, stakeholder management","payroll errors + throughput, velocity","ADP + Miro, Google Workspace"
Finance,CFO v1,"financial strategy, forecasting, capital + scaling, analysis, execution","leadership + data literacy, problem solving","EBITDA + throughput, velocity","Excel + Google Workspace, Power BI"
Finance,Financial Analyst v1,"budgeting, forecasting, modeling + experimenting, cross-functional, benchmarking","analytics + stakeholder management, problem solving","variance + throughput, cycle time","Excel, Power BI + Airtable, Jira"
Finance,Accountant v1,"accounting, reporting, compliance + reporting, experimenting, alignment","precision + critical thinking, technical communication","closing time + accuracy, quality score","SAP + Slack, Miro"
Finance,FP&A v1,"planning, metrics, business insights + prioritization, roadmapping, automation","analysis + data literacy, stakeholder management","forecast accuracy + ROI, velocity","Excel + Figma, Jira"
Finance,AR/AP Specialist v1,"invoicing, collections + execution, alignment, reporting","organization + stakeholder management, adaptability","DSO + cycle time, quality score","ERP systems + Miro, Asana"
Data,Data Analyst v1,"SQL, dashboards, insights + analysis, benchmarking, experimenting","analytics + collaboration, problem solving","data accuracy + growth rate, quality score","SQL, Tableau + Google Workspace, Power BI"
Data,Data Scientist v1,"ML, models, predictions + forecasting, reporting, experimenting","statistics + collaboration, critical thinking","model accuracy + cycle time, ROI","Python + Google Workspace, Looker"
Data,Analytics Engineer v1,"pipelines, transformation + analysis, execution, strategy","data engineering + problem solving, adaptability","pipeline reliability + velocity, ROI","dbt + Airtable, Slack"
Data,Head of Data v1,"data strategy, governance + analysis, cross-functional, experimenting","leadership + collaboration, time management","data adoption + quality score, velocity","Snowflake + Looker, Airtable"
Operations,Operations Manager v1,"processes, efficiency, scalability + scaling, strategy, prioritization","optimization + data literacy, problem solving","cost reduction + accuracy, quality score","Asana + Miro, Asana"
Operations,Business Operations v1,"strategy, execution + automation, benchmarking, scaling","cross-functional thinking + time management, problem solving","OKRs + cycle time, quality score","Notion + Notion, Power BI"
Operations,Supply Chain Manager v1,"logistics, inventory + strategy, roadmapping, benchmarking","planning + collaboration, stakeholder management","lead time + accuracy, ROI","ERP + Slack, Google Workspace"
Operations,Project Manager v1,"timelines, scope, resources + forecasting, automation, reporting","organization + collaboration, stakeholder management","delivery rate + throughput, efficiency","Jira + Miro, Asana"
Legal,Legal Counsel v1,"contracts, compliance, risk + analysis, alignment, cross-functional","legal expertise + critical thinking, problem solving","contract cycle time + growth rate, velocity","DocuSign + Slack, Figma"
Legal,Compliance Officer v1,"regulations, audits + scaling, strategy, analysis","attention to detail + adaptability, problem solving","compliance rate + quality score, throughput","GRC tools + Miro, Jira"
Legal,Paralegal v1,"documentation, research + experimenting, automation, metrics","organization + data literacy, collaboration","case turnaround + efficiency, growth rate","Legal software + Miro, Slack"
IT,IT Support v1,"troubleshooting, hardware, software + experimenting, benchmarking, cross-functional","technical support + problem solving, collaboration","ticket resolution + quality score, accuracy","ServiceNow + Asana, Google Workspace"
IT,System Administrator v1,"networks, servers, security + forecasting, benchmarking, automation","infrastructure + stakeholder management, technical communication","uptime + cycle time, throughput","Linux + Miro, Asana"
IT,Security Engineer v1,"cybersecurity, threat detection + metrics, experimenting, cross-functional","risk management + stakeholder management, technical communication","incidents + quality score, throughput","SIEM tools + Airtable, Looker"
IT,IT Manager v1,"IT strategy, systems + experimenting, automation, optimization","leadership + critical thinking, adaptability","downtime + ROI, quality score","ITSM tools + Looker, Slack"
Sales,SDR v2,"inbound, qualification, SQL, discovery, nurturing, demos + metrics, alignment, strategy","qualification, communication, CRM + data literacy, collaboration","SQLs, demo rate, conversion rate + cycle time, growth rate","HubSpot, Salesforce + Airtable, Jira"
Sales,AE v2,"closing, ARR, revenue, sales cycle, negotiation, quota, forecasting + metrics, scaling, forecasting","negotiation, storytelling, strategy + collaboration, adaptability","ARR, win rate, quota attainment + cycle time, ROI","Salesforce, Gong, Zoom + Airtable, Asana"
Sales,AM v2,"retention, renewals, expansion, churn, NRR, upsell + automation, strategy, alignment","relationship mgmt, account strategy + problem solving, collaboration","NRR, churn, expansion revenue + throughput, cycle time","Gainsight, Salesforce + Figma, Power BI"
Sales,Sales Manager v2,"coaching, forecasting, pipeline, performance + strategy, reporting, optimization","leadership, analytics + time management, problem solving","team quota, forecast accuracy + velocity, ROI","Salesforce + Notion, Figma"
Sales,RevOps v2,"revenue ops, forecasting, processes, automation + alignment, execution, cross-functional","data analysis, systems thinking + time management, adaptability","revenue growth, efficiency + efficiency, growth rate","Salesforce, HubSpot, Tableau + Google Workspace, Slack"
Marketing,Marketing Manager v2,"brand, campaigns, positioning, GTM + prioritization, cross-functional, analysis","strategy, leadership + adaptability, collaboration","CAC, MQLs + accuracy, efficiency","HubSpot, GA4 + Figma, Asana"
Marketing,Growth Marketer v2,"experimentation, funnels, CRO, growth loops + analysis, experimenting, reporting","analytics, creativity + technical communication, problem solving","conversion rate, LTV/CAC + ROI, growth rate","GA4, Mixpanel + Power BI, Notion"
Marketing,Performance Marketer v2,"paid ads, PPC, ROAS, funnels + analysis, alignment, execution","data-driven thinking + data literacy, critical thinking","ROAS, CPA + quality score, throughput","Google Ads, Meta Ads + Power BI, Figma"
Marketing,Content Marketer v2,"content, SEO, storytelling, copywriting + analysis, alignment, roadmapping","writing, SEO + problem solving, technical communication","organic traffic, engagement + ROI, accuracy","Ahrefs, SEMrush + Jira, Figma"
Marketing,SEO Specialist v2,"keywords, ranking, backlinks, SERP + reporting, experimenting, metrics","technical SEO + stakeholder management, collaboration","organic traffic + cycle time, ROI","Ahrefs, Screaming Frog + Power BI, Slack"
Marketing,Product Marketing v2,"positioning, messaging, personas + roadmapping, execution, experimenting","market analysis + adaptability, critical thinking","adoption, retention + quality score, growth rate","Notion, Figma + Google Workspace, Power BI"
Marketing,Community Manager v2,"community, engagement, social media + optimization, reporting, experimenting","communication + stakeholder management, time management","engagement rate + ROI, velocity","Discord, LinkedIn + Google Workspace, Figma"
Product,Product Manager v2,"roadmap, backlog, discovery, MVP, prioritization + strategy, analysis, cross-functional","strategic thinking, communication + technical communication, time management","feature adoption, retention + throughput, growth rate","Jira, Productboard + Slack, Airtable"
Product,Product Owner v2,"backlog, user stories, agile + automation, reporting, scaling","requirements mgmt + adaptability, collaboration","sprint velocity + velocity, quality score","Jira + Google Workspace, Miro"
Product,UX Researcher v2,"user research, interviews, personas + automation, analysis, forecasting","empathy, analysis + critical thinking, collaboration","insights generated + accuracy, cycle time","UserTesting + Notion, Miro"
Product,UX Designer v2,"UX, UI, wireframes, prototypes + alignment, metrics, automation","design thinking + time management, technical communication","usability score + velocity, throughput","Figma + Google Workspace, Power BI"
Product,Product Analyst v2,"metrics, cohorts, funnels + analysis, roadmapping, reporting","data analysis + stakeholder management, time management","retention, DAU/MAU + cycle time, accuracy","SQL, Amplitude + Looker, Notion"
Engineering,Frontend Developer v2,"React, UI, performance, APIs + cross-functional, optimization, forecasting","coding, debugging + data literacy, adaptability","deployment frequency + accuracy, growth rate","GitHub, React + Airtable, Power BI"
Engineering,Backend Developer v2,"APIs, databases, architecture + analysis, benchmarking, experimenting","system design + data literacy, technical communication","latency, uptime + accuracy, throughput","Node, Python + Asana, Notion"
Engineering,Full Stack Developer v2,"frontend, backend, databases + metrics, forecasting, reporting","versatility + adaptability, data literacy","delivery speed + quality score, throughput","GitHub + Slack, Jira"
Engineering,Mobile Developer v2,"iOS, Android, apps + alignment, optimization, execution","mobile dev + data literacy, collaboration","crash rate + accuracy, growth rate","Swift, Kotlin + Miro, Airtable"
Engineering,DevOps Engineer v2,"CI/CD, cloud, infrastructure + cross-functional, strategy, execution","automation + problem solving, stakeholder management","uptime, MTTR + growth rate, ROI","AWS, Docker + Looker, Figma"
Engineering,QA Engineer v2,"testing, automation, bugs + benchmarking, alignment, experimenting","attention to detail + data literacy, problem solving","defect rate + quality score, ROI","Selenium + Looker, Slack"
Engineering,Tech Lead v2,"architecture, mentoring, code quality + roadmapping, prioritization, metrics","leadership + problem solving, critical thinking","delivery predictability + accuracy, velocity","GitHub + Notion, Jira"
Engineering,CTO v2,"technology strategy, scalability + roadmapping, cross-functional, prioritization","leadership, vision + adaptability, critical thinking","platform stability + quality score, accuracy","Cloud platforms + Asana, Looker"
Customer Success,CSM v2,"onboarding, adoption, retention, NPS + benchmarking, reporting, metrics","relationship mgmt + time management, technical communication","NRR, churn + throughput, accuracy","Gainsight + Miro, Looker"
Customer Success,Support Agent v2,"tickets, troubleshooting, SLA + reporting, scaling, metrics","problem-solving + data literacy, time management","CSAT, response time + throughput, quality score","Zendesk + Slack, Asana"
Customer Success,Implementation Manager v2,"onboarding, integration + experimenting, metrics, alignment","project mgmt + technical communication, problem solving","time-to-value + velocity, efficiency","Jira + Figma, Miro"
Customer Success,Head of CS v2,"retention strategy, scaling + roadmapping, scaling, benchmarking","leadership + time management, adaptability","NRR, churn + velocity, growth rate","CRM tools + Google Workspace, Airtable"
HR,Recruiter v2,"hiring, sourcing, interviews + prioritization, analysis, optimization","communication + stakeholder management, data literacy","time-to-hire + throughput, growth rate","LinkedIn Recruiter + Figma, Power BI"
HR,HR Manager v2,"policies, culture, compliance + cross-functional, analysis, roadmapping","leadership + stakeholder management, critical thinking","attrition rate + ROI, cycle time","BambooHR + Figma, Asana"
HR,People Partner v2,"engagement, performance + scaling, strategy, prioritization","coaching + technical communication, time management","engagement score + cycle time, growth rate","Lattice + Google Workspace, Figma"
HR,L&D Specialist v2,"training, development + scaling, strategy, experimenting","instructional design + data literacy, stakeholder management","training completion + accuracy, throughput","LMS + Google Workspace, Figma"
HR,Payroll Specialist v2,"payroll, compensation + analysis, strategy, prioritization","accuracy + adaptability, technical communication","payroll errors + efficiency, throughput","ADP + Google Workspace, Miro"
Finance,CFO v2,"financial strategy, forecasting, capital + metrics, execution, benchmarking","leadership + collaboration, adaptability","EBITDA + accuracy, ROI","Excel + Notion, Slack"
Finance,Financial Analyst v2,"budgeting, forecasting, modeling + benchmarking, forecasting, experimenting","analytics + collaboration, adaptability","variance + accuracy, ROI","Excel, Power BI + Jira, Asana"
Finance,Accountant v2,"accounting, reporting, compliance + experimenting, cross-functional, analysis","precision + technical communication, data literacy","closing time + ROI, throughput","SAP + Google Workspace, Miro"
Finance,FP&A v2,"planning, metrics, business insights + experimenting, forecasting, metrics","analysis + technical communication, stakeholder management","forecast accuracy + cycle time, accuracy","Excel + Airtable, Slack"
Finance,AR/AP Specialist v2,"invoicing, collections + metrics, experimenting, strategy","organization + critical thinking, time management","DSO + cycle time, velocity","ERP systems + Airtable, Figma"
Data,Data Analyst v2,"SQL, dashboards, insights + prioritization, analysis, forecasting","analytics + stakeholder management, data literacy","data accuracy + quality score, velocity","SQL, Tableau + Figma, Looker"
Data,Data Scientist v2,"ML, models, predictions + forecasting, strategy, analysis","statistics + data literacy, problem solving","model accuracy + throughput, accuracy","Python + Power BI, Figma"
Data,Analytics Engineer v2,"pipelines, transformation + experimenting, metrics, alignment","data engineering + critical thinking, problem solving","pipeline reliability + ROI, quality score","dbt + Looker, Airtable"
Data,Head of Data v2,"data strategy, governance + cross-functional, prioritization, benchmarking","leadership + problem solving, stakeholder management","data adoption + cycle time, throughput","Snowflake + Jira, Power BI"
Operations,Operations Manager v2,"processes, efficiency, scalability + metrics, experimenting, analysis","optimization + critical thinking, data literacy","cost reduction + growth rate, cycle time","Asana + Airtable, Power BI"
Operations,Business Operations v2,"strategy, execution + strategy, benchmarking, forecasting","cross-functional thinking + critical thinking, stakeholder management","OKRs + quality score, velocity","Notion + Notion, Power BI"
Operations,Supply Chain Manager v2,"logistics, inventory + optimization, cross-functional, benchmarking","planning + critical thinking, time management","lead time + growth rate, efficiency","ERP + Google Workspace, Jira"
Operations,Project Manager v2,"timelines, scope, resources + roadmapping, scaling, optimization","organization + data literacy, critical thinking","delivery rate + velocity, accuracy","Jira + Miro, Airtable"
Legal,Legal Counsel v2,"contracts, compliance, risk + benchmarking, execution, roadmapping","legal expertise + stakeholder management, collaboration","contract cycle time + growth rate, accuracy","DocuSign + Power BI, Airtable"
Legal,Compliance Officer v2,"regulations, audits + roadmapping, cross-functional, alignment","attention to detail + data literacy, problem solving","compliance rate + accuracy, growth rate","GRC tools + Notion, Figma"
Legal,Paralegal v2,"documentation, research + metrics, automation, experimenting","organization + data literacy, problem solving","case turnaround + cycle time, efficiency","Legal software + Looker, Figma"
IT,IT Support v2,"troubleshooting, hardware, software + optimization, metrics, experimenting","technical support + adaptability, technical communication","ticket resolution + cycle time, efficiency","ServiceNow + Asana, Power BI"
IT,System Administrator v2,"networks, servers, security + reporting, benchmarking, metrics","infrastructure + collaboration, technical communication","uptime + growth rate, efficiency","Linux + Jira, Airtable"
IT,Security Engineer v2,"cybersecurity, threat detection + analysis, prioritization, optimization","risk management + time management, problem solving","incidents + velocity, quality score","SIEM tools + Figma, Notion"
IT,IT Manager v2,"IT strategy, systems + optimization, prioritization, forecasting","leadership + adaptability, critical thinking","downtime + cycle time, quality score","ITSM tools + Figma, Power BI"
Sales,SDR v3,"inbound, qualification, SQL, discovery, nurturing, demos + optimization, cross-functional, reporting","qualification, communication, CRM + problem solving, stakeholder management","SQLs, demo rate, conversion rate + growth rate, accuracy","HubSpot, Salesforce + Google Workspace, Jira"
Sales,AE v3,"closing, ARR, revenue, sales cycle, negotiation, quota, forecasting + benchmarking, cross-functional, analysis","negotiation, storytelling, strategy + data literacy, technical communication","ARR, win rate, quota attainment + velocity, efficiency","Salesforce, Gong, Zoom + Asana, Jira"
Sales,AM v3,"retention, renewals, expansion, churn, NRR, upsell + automation, metrics, execution","relationship mgmt, account strategy + critical thinking, data literacy","NRR, churn, expansion revenue + accuracy, velocity","Gainsight, Salesforce + Airtable, Looker"
Sales,Sales Manager v3,"coaching, forecasting, pipeline, performance + experimenting, automation, forecasting","leadership, analytics + adaptability, time management","team quota, forecast accuracy + growth rate, efficiency","Salesforce + Notion, Miro"
Sales,RevOps v3,"revenue ops, forecasting, processes, automation + prioritization, experimenting, strategy","data analysis, systems thinking + stakeholder management, data literacy","revenue growth, efficiency + cycle time, ROI","Salesforce, HubSpot, Tableau + Power BI, Miro"
Marketing,Marketing Manager v3,"brand, campaigns, positioning, GTM + experimenting, scaling, automation","strategy, leadership + problem solving, stakeholder management","CAC, MQLs + velocity, ROI","HubSpot, GA4 + Figma, Airtable"
Marketing,Growth Marketer v3,"experimentation, funnels, CRO, growth loops + automation, prioritization, alignment","analytics, creativity + data literacy, technical communication","conversion rate, LTV/CAC + cycle time, velocity","GA4, Mixpanel + Airtable, Power BI"
Marketing,Performance Marketer v3,"paid ads, PPC, ROAS, funnels + prioritization, scaling, benchmarking","data-driven thinking + technical communication, problem solving","ROAS, CPA + accuracy, efficiency","Google Ads, Meta Ads + Miro, Google Workspace"
Marketing,Content Marketer v3,"content, SEO, storytelling, copywriting + metrics, automation, experimenting","writing, SEO + data literacy, adaptability","organic traffic, engagement + throughput, cycle time","Ahrefs, SEMrush + Miro, Google Workspace"
Marketing,SEO Specialist v3,"keywords, ranking, backlinks, SERP + alignment, execution, prioritization","technical SEO + adaptability, time management","organic traffic + cycle time, throughput","Ahrefs, Screaming Frog + Airtable, Google Workspace"
Marketing,Product Marketing v3,"positioning, messaging, personas + benchmarking, reporting, experimenting","market analysis + problem solving, adaptability","adoption, retention + efficiency, ROI","Notion, Figma + Miro, Slack"
Marketing,Community Manager v3,"community, engagement, social media + automation, metrics, reporting","communication + critical thinking, problem solving","engagement rate + quality score, growth rate","Discord, LinkedIn + Asana, Power BI"
Product,Product Manager v3,"roadmap, backlog, discovery, MVP, prioritization + metrics, strategy, roadmapping","strategic thinking, communication + critical thinking, problem solving","feature adoption, retention + growth rate, cycle time","Jira, Productboard + Figma, Jira"
Product,Product Owner v3,"backlog, user stories, agile + prioritization, metrics, strategy","requirements mgmt + stakeholder management, technical communication","sprint velocity + cycle time, growth rate","Jira + Jira, Looker"
Product,UX Researcher v3,"user research, interviews, personas + scaling, cross-functional, reporting","empathy, analysis + time management, critical thinking","insights generated + growth rate, efficiency","UserTesting + Miro, Jira"
Product,UX Designer v3,"UX, UI, wireframes, prototypes + forecasting, execution, prioritization","design thinking + time management, data literacy","usability score + quality score, cycle time","Figma + Jira, Looker"
Product,Product Analyst v3,"metrics, cohorts, funnels + forecasting, metrics, roadmapping","data analysis + technical communication, collaboration","retention, DAU/MAU + velocity, ROI","SQL, Amplitude + Notion, Miro"
Engineering,Frontend Developer v3,"React, UI, performance, APIs + benchmarking, experimenting, metrics","coding, debugging + time management, data literacy","deployment frequency + accuracy, throughput","GitHub, React + Airtable, Asana"
Engineering,Backend Developer v3,"APIs, databases, architecture + roadmapping, optimization, alignment","system design + collaboration, technical communication","latency, uptime + cycle time, ROI","Node, Python + Figma, Google Workspace"
Engineering,Full Stack Developer v3,"frontend, backend, databases + prioritization, cross-functional, metrics","versatility + adaptability, data literacy","delivery speed + quality score, ROI","GitHub + Figma, Asana"
Engineering,Mobile Developer v3,"iOS, Android, apps + optimization, roadmapping, strategy","mobile dev + time management, stakeholder management","crash rate + velocity, accuracy","Swift, Kotlin + Google Workspace, Figma"
Engineering,DevOps Engineer v3,"CI/CD, cloud, infrastructure + roadmapping, automation, strategy","automation + collaboration, adaptability","uptime, MTTR + quality score, ROI","AWS, Docker + Asana, Slack"
Engineering,QA Engineer v3,"testing, automation, bugs + optimization, forecasting, cross-functional","attention to detail + stakeholder management, technical communication","defect rate + ROI, cycle time","Selenium + Airtable, Asana"
Engineering,Tech Lead v3,"architecture, mentoring, code quality + analysis, reporting, experimenting","leadership + critical thinking, time management","delivery predictability + efficiency, ROI","GitHub + Slack, Figma"
Engineering,CTO v3,"technology strategy, scalability + roadmapping, alignment, optimization","leadership, vision + problem solving, technical communication","platform stability + growth rate, ROI","Cloud platforms + Figma, Asana"
Customer Success,CSM v3,"onboarding, adoption, retention, NPS + reporting, optimization, scaling","relationship mgmt + technical communication, critical thinking","NRR, churn + accuracy, growth rate","Gainsight + Notion, Figma"
Customer Success,Support Agent v3,"tickets, troubleshooting, SLA + prioritization, benchmarking, scaling","problem-solving + collaboration, time management","CSAT, response time + growth rate, accuracy","Zendesk + Notion, Google Workspace"
Customer Success,Implementation Manager v3,"onboarding, integration + roadmapping, strategy, scaling","project mgmt + problem solving, critical thinking","time-to-value + accuracy, growth rate","Jira + Slack, Jira"
Customer Success,Head of CS v3,"retention strategy, scaling + roadmapping, strategy, scaling","leadership + technical communication, data literacy","NRR, churn + velocity, quality score","CRM tools + Airtable, Slack"
HR,Recruiter v3,"hiring, sourcing, interviews + forecasting, prioritization, benchmarking","communication + adaptability, time management","time-to-hire + cycle time, throughput","LinkedIn Recruiter + Notion, Looker"
HR,HR Manager v3,"policies, culture, compliance + benchmarking, prioritization, automation","leadership + technical communication, problem solving","attrition rate + cycle time, ROI","BambooHR + Miro, Google Workspace"
HR,People Partner v3,"engagement, performance + cross-functional, prioritization, optimization","coaching + adaptability, critical thinking","engagement score + efficiency, velocity","Lattice + Power BI, Miro"
HR,L&D Specialist v3,"training, development + execution, reporting, prioritization","instructional design + problem solving, adaptability","training completion + accuracy, quality score","LMS + Asana, Slack"
HR,Payroll Specialist v3,"payroll, compensation + roadmapping, cross-functional, execution","accuracy + data literacy, adaptability","payroll errors + throughput, efficiency","ADP + Figma, Notion"
Finance,CFO v3,"financial strategy, forecasting, capital + alignment, roadmapping, analysis","leadership + data literacy, critical thinking","EBITDA + growth rate, cycle time","Excel + Google Workspace, Asana"
Finance,Financial Analyst v3,"budgeting, forecasting, modeling + reporting, scaling, analysis","analytics + time management, data literacy","variance + quality score, growth rate","Excel, Power BI + Asana, Looker"
Finance,Accountant v3,"accounting, reporting, compliance + scaling, benchmarking, execution","precision + collaboration, problem solving","closing time + quality score, cycle time","SAP + Power BI, Slack"
Finance,FP&A v3,"planning, metrics, business insights + forecasting, analysis, automation","analysis + technical communication, data literacy","forecast accuracy + throughput, quality score","Excel + Looker, Airtable"
Finance,AR/AP Specialist v3,"invoicing, collections + strategy, metrics, experimenting","organization + adaptability, data literacy","DSO + ROI, cycle time","ERP systems + Miro, Jira"
Data,Data Analyst v3,"SQL, dashboards, insights + experimenting, analysis, scaling","analytics + adaptability, data literacy","data accuracy + accuracy, cycle time","SQL, Tableau + Slack, Miro"
Data,Data Scientist v3,"ML, models, predictions + prioritization, execution, alignment","statistics + stakeholder management, technical communication","model accuracy + cycle time, accuracy","Python + Asana, Power BI"
Data,Analytics Engineer v3,"pipelines, transformation + execution, strategy, optimization","data engineering + adaptability, critical thinking","pipeline reliability + quality score, growth rate","dbt + Figma, Notion"
Data,Head of Data v3,"data strategy, governance + cross-functional, execution, alignment","leadership + stakeholder management, data literacy","data adoption + growth rate, throughput","Snowflake + Miro, Asana"
Operations,Operations Manager v3,"processes, efficiency, scalability + cross-functional, prioritization, scaling","optimization + time management, critical thinking","cost reduction + efficiency, velocity","Asana + Slack, Asana"
Operations,Business Operations v3,"strategy, execution + analysis, execution, prioritization","cross-functional thinking + time management, problem solving","OKRs + efficiency, ROI","Notion + Airtable, Miro"
Operations,Supply Chain Manager v3,"logistics, inventory + execution, optimization, analysis","planning + critical thinking, technical communication","lead time + cycle time, efficiency","ERP + Looker, Airtable"
Operations,Project Manager v3,"timelines, scope, resources + cross-functional, execution, automation","organization + problem solving, data literacy","delivery rate + throughput, cycle time","Jira + Looker, Asana"
Legal,Legal Counsel v3,"contracts, compliance, risk + metrics, scaling, analysis","legal expertise + time management, stakeholder management","contract cycle time + throughput, efficiency","DocuSign + Jira, Airtable"
Legal,Compliance Officer v3,"regulations, audits + experimenting, scaling, alignment","attention to detail + stakeholder management, collaboration","compliance rate + throughput, ROI","GRC tools + Miro, Asana"
Legal,Paralegal v3,"documentation, research + experimenting, strategy, alignment","organization + collaboration, critical thinking","case turnaround + growth rate, accuracy","Legal software + Airtable, Notion"
IT,IT Support v3,"troubleshooting, hardware, software + scaling, cross-functional, analysis","technical support + data literacy, problem solving","ticket resolution + cycle time, efficiency","ServiceNow + Miro, Airtable"
IT,System Administrator v3,"networks, servers, security + prioritization, cross-functional, automation","infrastructure + collaboration, adaptability","uptime + efficiency, quality score","Linux + Asana, Google Workspace"
IT,Security Engineer v3,"cybersecurity, threat detection + alignment, experimenting, analysis","risk management + data literacy, collaboration","incidents + velocity, quality score","SIEM tools + Power BI, Slack"
IT,IT Manager v3,"IT strategy, systems + benchmarking, cross-functional, prioritization","leadership + stakeholder management, collaboration","downtime + accuracy, efficiency","ITSM tools + Miro, Asana"
Sales,SDR v4,"inbound, qualification, SQL, discovery, nurturing, demos + benchmarking, execution, prioritization","qualification, communication, CRM + time management, technical communication","SQLs, demo rate, conversion rate + growth rate, efficiency","HubSpot, Salesforce + Google Workspace, Airtable"
Sales,AE v4,"closing, ARR, revenue, sales cycle, negotiation, quota, forecasting + cross-functional, automation, alignment","negotiation, storytelling, strategy + data literacy, time management","ARR, win rate, quota attainment + throughput, ROI","Salesforce, Gong, Zoom + Power BI, Slack"
Sales,AM v4,"retention, renewals, expansion, churn, NRR, upsell + benchmarking, prioritization, analysis","relationship mgmt, account strategy + data literacy, time management","NRR, churn, expansion revenue + growth rate, quality score","Gainsight, Salesforce + Airtable, Figma"
Sales,Sales Manager v4,"coaching, forecasting, pipeline, performance + metrics, alignment, experimenting","leadership, analytics + problem solving, adaptability","team quota, forecast accuracy + ROI, accuracy","Salesforce + Notion, Figma"
Sales,RevOps v4,"revenue ops, forecasting, processes, automation + metrics, automation, reporting","data analysis, systems thinking + stakeholder management, technical communication","revenue growth, efficiency + quality score, velocity","Salesforce, HubSpot, Tableau + Power BI, Figma"
Marketing,Marketing Manager v4,"brand, campaigns, positioning, GTM + scaling, roadmapping, execution","strategy, leadership + time management, technical communication","CAC, MQLs + ROI, quality score","HubSpot, GA4 + Notion, Miro"
Marketing,Growth Marketer v4,"experimentation, funnels, CRO, growth loops + cross-functional, scaling, roadmapping","analytics, creativity + problem solving, collaboration","conversion rate, LTV/CAC + growth rate, quality score","GA4, Mixpanel + Notion, Miro"
Marketing,Performance Marketer v4,"paid ads, PPC, ROAS, funnels + strategy, execution, cross-functional","data-driven thinking + technical communication, problem solving","ROAS, CPA + growth rate, quality score","Google Ads, Meta Ads + Miro, Looker"
Marketing,Content Marketer v4,"content, SEO, storytelling, copywriting + metrics, benchmarking, optimization","writing, SEO + time management, technical communication","organic traffic, engagement + efficiency, growth rate","Ahrefs, SEMrush + Notion, Power BI"
Marketing,SEO Specialist v4,"keywords, ranking, backlinks, SERP + metrics, scaling, execution","technical SEO + time management, data literacy","organic traffic + efficiency, quality score","Ahrefs, Screaming Frog + Slack, Figma"
Marketing,Product Marketing v4,"positioning, messaging, personas + execution, strategy, automation","market analysis + time management, critical thinking","adoption, retention + ROI, efficiency","Notion, Figma + Power BI, Miro"
Marketing,Community Manager v4,"community, engagement, social media + cross-functional, metrics, forecasting","communication + critical thinking, adaptability","engagement rate + quality score, ROI","Discord, LinkedIn + Slack, Jira"
Product,Product Manager v4,"roadmap, backlog, discovery, MVP, prioritization + cross-functional, reporting, prioritization","strategic thinking, communication + problem solving, technical communication","feature adoption, retention + cycle time, efficiency","Jira, Productboard + Airtable, Power BI"
Product,Product Owner v4,"backlog, user stories, agile + alignment, benchmarking, prioritization","requirements mgmt + technical communication, problem solving","sprint velocity + cycle time, efficiency","Jira + Power BI, Figma"
Product,UX Researcher v4,"user research, interviews, personas + execution, roadmapping, scaling","empathy, analysis + problem solving, data literacy","insights generated + quality score, growth rate","UserTesting + Slack, Notion"
Product,UX Designer v4,"UX, UI, wireframes, prototypes + experimenting, automation, roadmapping","design thinking + technical communication, adaptability","usability score + growth rate, cycle time","Figma + Power BI, Airtable"
Product,Product Analyst v4,"metrics, cohorts, funnels + roadmapping, forecasting, prioritization","data analysis + data literacy, stakeholder management","retention, DAU/MAU + ROI, throughput","SQL, Amplitude + Google Workspace, Miro"
Engineering,Frontend Developer v4,"React, UI, performance, APIs + optimization, metrics, forecasting","coding, debugging + stakeholder management, problem solving","deployment frequency + efficiency, growth rate","GitHub, React + Notion, Google Workspace"
Engineering,Backend Developer v4,"APIs, databases, architecture + scaling, metrics, execution","system design + time management, technical communication","latency, uptime + velocity, quality score","Node, Python + Airtable, Google Workspace"
Engineering,Full Stack Developer v4,"frontend, backend, databases + metrics, forecasting, reporting","versatility + data literacy, stakeholder management","delivery speed + quality score, accuracy","GitHub + Airtable, Jira"
Engineering,Mobile Developer v4,"iOS, Android, apps + cross-functional, forecasting, strategy","mobile dev + time management, data literacy","crash rate + cycle time, velocity","Swift, Kotlin + Google Workspace, Figma"
Engineering,DevOps Engineer v4,"CI/CD, cloud, infrastructure + alignment, roadmapping, experimenting","automation + critical thinking, collaboration","uptime, MTTR + efficiency, cycle time","AWS, Docker + Notion, Looker"
Engineering,QA Engineer v4,"testing, automation, bugs + cross-functional, roadmapping, execution","attention to detail + technical communication, stakeholder management","defect rate + ROI, growth rate","Selenium + Airtable, Jira"
Engineering,Tech Lead v4,"architecture, mentoring, code quality + experimenting, metrics, benchmarking","leadership + critical thinking, technical communication","delivery predictability + cycle time, growth rate","GitHub + Asana, Google Workspace"
Engineering,CTO v4,"technology strategy, scalability + reporting, strategy, experimenting","leadership, vision + adaptability, technical communication","platform stability + cycle time, throughput","Cloud platforms + Looker, Slack"
Customer Success,CSM v4,"onboarding, adoption, retention, NPS + metrics, benchmarking, alignment","relationship mgmt + time management, problem solving","NRR, churn + ROI, quality score","Gainsight + Slack, Notion"
Customer Success,Support Agent v4,"tickets, troubleshooting, SLA + cross-functional, prioritization, experimenting","problem-solving + critical thinking, collaboration","CSAT, response time + efficiency, accuracy","Zendesk + Airtable, Notion"
Customer Success,Implementation Manager v4,"onboarding, integration + cross-functional, prioritization, scaling","project mgmt + adaptability, problem solving","time-to-value + quality score, cycle time","Jira + Power BI, Google Workspace"
Customer Success,Head of CS v4,"retention strategy, scaling + optimization, benchmarking, cross-functional","leadership + adaptability, problem solving","NRR, churn + velocity, ROI","CRM tools + Airtable, Power BI"
HR,Recruiter v4,"hiring, sourcing, interviews + strategy, reporting, optimization","communication + stakeholder management, technical communication","time-to-hire + accuracy, ROI","LinkedIn Recruiter + Looker, Power BI"
HR,HR Manager v4,"policies, culture, compliance + forecasting, prioritization, experimenting","leadership + time management, adaptability","attrition rate + ROI, quality score","BambooHR + Power BI, Airtable"
HR,People Partner v4,"engagement, performance + benchmarking, optimization, strategy","coaching + collaboration, data literacy","engagement score + ROI, velocity","Lattice + Figma, Airtable"
HR,L&D Specialist v4,"training, development + forecasting, benchmarking, execution","instructional design + adaptability, time management","training completion + growth rate, efficiency","LMS + Figma, Power BI"
HR,Payroll Specialist v4,"payroll, compensation + prioritization, automation, alignment","accuracy + data literacy, adaptability","payroll errors + efficiency, growth rate","ADP + Looker, Figma"
Finance,CFO v4,"financial strategy, forecasting, capital + strategy, benchmarking, cross-functional","leadership + collaboration, stakeholder management","EBITDA + velocity, ROI","Excel + Notion, Jira"
Finance,Financial Analyst v4,"budgeting, forecasting, modeling + benchmarking, prioritization, optimization","analytics + adaptability, time management","variance + quality score, velocity","Excel, Power BI + Figma, Notion"
Finance,Accountant v4,"accounting, reporting, compliance + cross-functional, forecasting, scaling","precision + data literacy, collaboration","closing time + growth rate, efficiency","SAP + Slack, Notion"
Finance,FP&A v4,"planning, metrics, business insights + strategy, experimenting, scaling","analysis + data literacy, adaptability","forecast accuracy + accuracy, efficiency","Excel + Looker, Jira"
Finance,AR/AP Specialist v4,"invoicing, collections + analysis, optimization, cross-functional","organization + adaptability, data literacy","DSO + cycle time, ROI","ERP systems + Notion, Figma"
Data,Data Analyst v4,"SQL, dashboards, insights + benchmarking, alignment, reporting","analytics + time management, stakeholder management","data accuracy + quality score, throughput","SQL, Tableau + Jira, Airtable"
Data,Data Scientist v4,"ML, models, predictions + strategy, execution, cross-functional","statistics + technical communication, stakeholder management","model accuracy + cycle time, growth rate","Python + Jira, Airtable"
Data,Analytics Engineer v4,"pipelines, transformation + prioritization, scaling, reporting","data engineering + data literacy, problem solving","pipeline reliability + throughput, quality score","dbt + Notion, Airtable"
Data,Head of Data v4,"data strategy, governance + scaling, benchmarking, execution","leadership + collaboration, technical communication","data adoption + throughput, velocity","Snowflake + Notion, Slack"
Operations,Operations Manager v4,"processes, efficiency, scalability + scaling, cross-functional, metrics","optimization + stakeholder management, adaptability","cost reduction + efficiency, quality score","Asana + Miro, Asana"
Operations,Business Operations v4,"strategy, execution + alignment, prioritization, automation","cross-functional thinking + stakeholder management, time management","OKRs + quality score, velocity","Notion + Power BI, Miro"
Operations,Supply Chain Manager v4,"logistics, inventory + strategy, optimization, metrics","planning + technical communication, critical thinking","lead time + ROI, quality score","ERP + Power BI, Asana"
Operations,Project Manager v4,"timelines, scope, resources + benchmarking, automation, scaling","organization + collaboration, time management","delivery rate + efficiency, accuracy","Jira + Notion, Miro"
Legal,Legal Counsel v4,"contracts, compliance, risk + execution, experimenting, optimization","legal expertise + problem solving, time management","contract cycle time + velocity, efficiency","DocuSign + Miro, Google Workspace"
Legal,Compliance Officer v4,"regulations, audits + benchmarking, analysis, strategy","attention to detail + data literacy, adaptability","compliance rate + ROI, cycle time","GRC tools + Miro, Google Workspace"
Legal,Paralegal v4,"documentation, research + metrics, prioritization, experimenting","organization + stakeholder management, critical thinking","case turnaround + throughput, growth rate","Legal software + Figma, Asana"
IT,IT Support v4,"troubleshooting, hardware, software + cross-functional, execution, experimenting","technical support + data literacy, stakeholder management","ticket resolution + throughput, quality score","ServiceNow + Notion, Google Workspace"
IT,System Administrator v4,"networks, servers, security + reporting, alignment, automation","infrastructure + problem solving, stakeholder management","uptime + throughput, ROI","Linux + Looker, Asana"
IT,Security Engineer v4,"cybersecurity, threat detection + reporting, execution, alignment","risk management + stakeholder management, technical communication","incidents + cycle time, efficiency","SIEM tools + Figma, Miro"
IT,IT Manager v4,"IT strategy, systems + optimization, forecasting, automation","leadership + critical thinking, stakeholder management","downtime + efficiency, quality score","ITSM tools + Miro, Figma"
Sales,SDR v5,"inbound, qualification, SQL, discovery, nurturing, demos + automation, cross-functional, metrics","qualification, communication, CRM + data literacy, critical thinking","SQLs, demo rate, conversion rate + cycle time, throughput","HubSpot, Salesforce + Asana, Power BI"
Sales,AE v5,"closing, ARR, revenue, sales cycle, negotiation, quota, forecasting + optimization, strategy, forecasting","negotiation, storytelling, strategy + problem solving, technical communication","ARR, win rate, quota attainment + ROI, cycle time","Salesforce, Gong, Zoom + Notion, Jira"
Sales,AM v5,"retention, renewals, expansion, churn, NRR, upsell + execution, alignment, cross-functional","relationship mgmt, account strategy + technical communication, adaptability","NRR, churn, expansion revenue + accuracy, quality score","Gainsight, Salesforce + Airtable, Figma"
Sales,Sales Manager v5,"coaching, forecasting, pipeline, performance + roadmapping, alignment, analysis","leadership, analytics + collaboration, stakeholder management","team quota, forecast accuracy + growth rate, accuracy","Salesforce + Power BI, Asana"
Sales,RevOps v5,"revenue ops, forecasting, processes, automation + execution, automation, experimenting","data analysis, systems thinking + problem solving, stakeholder management","revenue growth, efficiency + growth rate, quality score","Salesforce, HubSpot, Tableau + Google Workspace, Airtable"
Marketing,Marketing Manager v5,"brand, campaigns, positioning, GTM + analysis, reporting, roadmapping","strategy, leadership + technical communication, problem solving","CAC, MQLs + throughput, efficiency","HubSpot, GA4 + Google Workspace, Jira"
Marketing,Growth Marketer v5,"experimentation, funnels, CRO, growth loops + scaling, benchmarking, roadmapping","analytics, creativity + collaboration, data literacy","conversion rate, LTV/CAC + cycle time, accuracy","GA4, Mixpanel + Notion, Slack"
Marketing,Performance Marketer v5,"paid ads, PPC, ROAS, funnels + benchmarking, metrics, prioritization","data-driven thinking + adaptability, critical thinking","ROAS, CPA + accuracy, ROI","Google Ads, Meta Ads + Looker, Airtable"
Marketing,Content Marketer v5,"content, SEO, storytelling, copywriting + reporting, alignment, prioritization","writing, SEO + adaptability, time management","organic traffic, engagement + growth rate, accuracy","Ahrefs, SEMrush + Looker, Google Workspace"
Marketing,SEO Specialist v5,"keywords, ranking, backlinks, SERP + forecasting, roadmapping, cross-functional","technical SEO + time management, collaboration","organic traffic + velocity, ROI","Ahrefs, Screaming Frog + Miro, Google Workspace"
Marketing,Product Marketing v5,"positioning, messaging, personas + benchmarking, forecasting, experimenting","market analysis + time management, collaboration","adoption, retention + cycle time, quality score","Notion, Figma + Miro, Looker"
Marketing,Community Manager v5,"community, engagement, social media + benchmarking, strategy, optimization","communication + problem solving, adaptability","engagement rate + quality score, growth rate","Discord, LinkedIn + Looker, Airtable"
Product,Product Manager v5,"roadmap, backlog, discovery, MVP, prioritization + metrics, experimenting, benchmarking","strategic thinking, communication + data literacy, stakeholder management","feature adoption, retention + ROI, accuracy","Jira, Productboard + Notion, Miro"
Product,Product Owner v5,"backlog, user stories, agile + scaling, analysis, automation","requirements mgmt + data literacy, adaptability","sprint velocity + cycle time, accuracy","Jira + Looker, Notion"
Product,UX Researcher v5,"user research, interviews, personas + roadmapping, metrics, optimization","empathy, analysis + collaboration, stakeholder management","insights generated + efficiency, accuracy","UserTesting + Asana, Notion"
Product,UX Designer v5,"UX, UI, wireframes, prototypes + scaling, cross-functional, experimenting","design thinking + technical communication, data literacy","usability score + throughput, velocity","Figma + Power BI, Jira"
Product,Product Analyst v5,"metrics, cohorts, funnels + analysis, roadmapping, metrics","data analysis + time management, technical communication","retention, DAU/MAU + velocity, cycle time","SQL, Amplitude + Slack, Miro"
Engineering,Frontend Developer v5,"React, UI, performance, APIs + strategy, roadmapping, optimization","coding, debugging + technical communication, data literacy","deployment frequency + ROI, velocity","GitHub, React + Asana, Jira"
Engineering,Backend Developer v5,"APIs, databases, architecture + scaling, experimenting, prioritization","system design + adaptability, data literacy","latency, uptime + growth rate, velocity","Node, Python + Airtable, Slack"
Engineering,Full Stack Developer v5,"frontend, backend, databases + metrics, execution, optimization","versatility + problem solving, data literacy","delivery speed + velocity, ROI","GitHub + Google Workspace, Airtable"
Engineering,Mobile Developer v5,"iOS, Android, apps + strategy, execution, scaling","mobile dev + stakeholder management, data literacy","crash rate + cycle time, quality score","Swift, Kotlin + Airtable, Figma"
Engineering,DevOps Engineer v5,"CI/CD, cloud, infrastructure + strategy, automation, optimization","automation + time management, critical thinking","uptime, MTTR + accuracy, efficiency","AWS, Docker + Looker, Asana"
Engineering,QA Engineer v5,"testing, automation, bugs + prioritization, cross-functional, analysis","attention to detail + time management, technical communication","defect rate + throughput, ROI","Selenium + Miro, Power BI"
Engineering,Tech Lead v5,"architecture, mentoring, code quality + metrics, prioritization, alignment","leadership + adaptability, time management","delivery predictability + efficiency, velocity","GitHub + Power BI, Miro"
Engineering,CTO v5,"technology strategy, scalability + optimization, analysis, execution","leadership, vision + technical communication, time management","platform stability + cycle time, efficiency","Cloud platforms + Airtable, Notion"
Customer Success,CSM v5,"onboarding, adoption, retention, NPS + cross-functional, scaling, roadmapping","relationship mgmt + adaptability, problem solving","NRR, churn + cycle time, throughput","Gainsight + Jira, Miro"
Customer Success,Support Agent v5,"tickets, troubleshooting, SLA + benchmarking, alignment, analysis","problem-solving + adaptability, collaboration","CSAT, response time + ROI, quality score","Zendesk + Miro, Figma"
Customer Success,Implementation Manager v5,"onboarding, integration + forecasting, metrics, cross-functional","project mgmt + technical communication, time management","time-to-value + ROI, accuracy","Jira + Looker, Figma"
Customer Success,Head of CS v5,"retention strategy, scaling + forecasting, reporting, execution","leadership + data literacy, time management","NRR, churn + growth rate, ROI","CRM tools + Jira, Power BI"
HR,Recruiter v5,"hiring, sourcing, interviews + alignment, automation, analysis","communication + collaboration, adaptability","time-to-hire + growth rate, accuracy","LinkedIn Recruiter + Notion, Asana"
HR,HR Manager v5,"policies, culture, compliance + experimenting, reporting, execution","leadership + time management, technical communication","attrition rate + cycle time, throughput","BambooHR + Notion, Jira"
HR,People Partner v5,"engagement, performance + experimenting, strategy, cross-functional","coaching + critical thinking, collaboration","engagement score + growth rate, cycle time","Lattice + Jira, Looker"
HR,L&D Specialist v5,"training, development + analysis, cross-functional, alignment","instructional design + adaptability, technical communication","training completion + ROI, accuracy","LMS + Looker, Figma"
HR,Payroll Specialist v5,"payroll, compensation + cross-functional, metrics, scaling","accuracy + critical thinking, adaptability","payroll errors + ROI, accuracy","ADP + Google Workspace, Notion"
Finance,CFO v5,"financial strategy, forecasting, capital + scaling, prioritization, benchmarking","leadership + problem solving, time management","EBITDA + efficiency, velocity","Excel + Google Workspace, Asana"
Finance,Financial Analyst v5,"budgeting, forecasting, modeling + analysis, optimization, forecasting","analytics + technical communication, critical thinking","variance + cycle time, growth rate","Excel, Power BI + Slack, Looker"
Finance,Accountant v5,"accounting, reporting, compliance + execution, forecasting, metrics","precision + time management, critical thinking","closing time + growth rate, ROI","SAP + Slack, Airtable"
Finance,FP&A v5,"planning, metrics, business insights + forecasting, experimenting, reporting","analysis + collaboration, critical thinking","forecast accuracy + quality score, growth rate","Excel + Looker, Power BI"
Finance,AR/AP Specialist v5,"invoicing, collections + prioritization, analysis, automation","organization + critical thinking, adaptability","DSO + quality score, growth rate","ERP systems + Airtable, Slack"
Data,Data Analyst v5,"SQL, dashboards, insights + automation, optimization, cross-functional","analytics + data literacy, collaboration","data accuracy + throughput, efficiency","SQL, Tableau + Looker, Airtable"
Data,Data Scientist v5,"ML, models, predictions + benchmarking, scaling, metrics","statistics + adaptability, data literacy","model accuracy + accuracy, velocity","Python + Jira, Looker"
Data,Analytics Engineer v5,"pipelines, transformation + reporting, cross-functional, optimization","data engineering + collaboration, stakeholder management","pipeline reliability + growth rate, throughput","dbt + Slack, Looker"
Data,Head of Data v5,"data strategy, governance + strategy, automation, analysis","leadership + collaboration, adaptability","data adoption + velocity, quality score","Snowflake + Google Workspace, Slack"
Operations,Operations Manager v5,"processes, efficiency, scalability + strategy, prioritization, execution","optimization + data literacy, problem solving","cost reduction + ROI, velocity","Asana + Notion, Looker"
Operations,Business Operations v5,"strategy, execution + analysis, forecasting, prioritization","cross-functional thinking + collaboration, data literacy","OKRs + ROI, throughput","Notion + Looker, Slack"
Operations,Supply Chain Manager v5,"logistics, inventory + forecasting, automation, reporting","planning + technical communication, time management","lead time + ROI, cycle time","ERP + Slack, Miro"
Operations,Project Manager v5,"timelines, scope, resources + forecasting, automation, metrics","organization + technical communication, data literacy","delivery rate + velocity, accuracy","Jira + Jira, Slack"
Legal,Legal Counsel v5,"contracts, compliance, risk + roadmapping, prioritization, strategy","legal expertise + adaptability, problem solving","contract cycle time + growth rate, throughput","DocuSign + Miro, Jira"
Legal,Compliance Officer v5,"regulations, audits + execution, strategy, reporting","attention to detail + critical thinking, data literacy","compliance rate + efficiency, velocity","GRC tools + Looker, Google Workspace"
Legal,Paralegal v5,"documentation, research + cross-functional, optimization, strategy","organization + collaboration, adaptability","case turnaround + efficiency, quality score","Legal software + Notion, Jira"
IT,IT Support v5,"troubleshooting, hardware, software + roadmapping, automation, optimization","technical support + stakeholder management, data literacy","ticket resolution + cycle time, accuracy","ServiceNow + Notion, Figma"
IT,System Administrator v5,"networks, servers, security + roadmapping, metrics, optimization","infrastructure + collaboration, adaptability","uptime + cycle time, throughput","Linux + Looker, Slack"
IT,Security Engineer v5,"cybersecurity, threat detection + cross-functional, forecasting, automation","risk management + technical communication, stakeholder management","incidents + cycle time, quality score","SIEM tools + Looker, Figma"
IT,IT Manager v5,"IT strategy, systems + automation, analysis, strategy","leadership + critical thinking, time management","downtime + growth rate, accuracy","ITSM tools + Slack, Google Workspace"
Sales,SDR v6,"inbound, qualification, SQL, discovery, nurturing, demos + roadmapping, strategy, cross-functional","qualification, communication, CRM + problem solving, technical communication","SQLs, demo rate, conversion rate + accuracy, ROI","HubSpot, Salesforce + Asana, Notion"
Sales,AE v6,"closing, ARR, revenue, sales cycle, negotiation, quota, forecasting + prioritization, metrics, optimization","negotiation, storytelling, strategy + problem solving, data literacy","ARR, win rate, quota attainment + quality score, cycle time","Salesforce, Gong, Zoom + Slack, Jira"
Sales,AM v6,"retention, renewals, expansion, churn, NRR, upsell + prioritization, strategy, scaling","relationship mgmt, account strategy + adaptability, technical communication","NRR, churn, expansion revenue + accuracy, throughput","Gainsight, Salesforce + Looker, Jira"
Sales,Sales Manager v6,"coaching, forecasting, pipeline, performance + benchmarking, reporting, analysis","leadership, analytics + data literacy, adaptability","team quota, forecast accuracy + accuracy, growth rate","Salesforce + Jira, Figma"
Sales,RevOps v6,"revenue ops, forecasting, processes, automation + alignment, prioritization, roadmapping","data analysis, systems thinking + problem solving, adaptability","revenue growth, efficiency + growth rate, velocity","Salesforce, HubSpot, Tableau + Slack, Looker"
Marketing,Marketing Manager v6,"brand, campaigns, positioning, GTM + benchmarking, strategy, experimenting","strategy, leadership + collaboration, adaptability","CAC, MQLs + quality score, efficiency","HubSpot, GA4 + Jira, Airtable"
Marketing,Growth Marketer v6,"experimentation, funnels, CRO, growth loops + alignment, benchmarking, experimenting","analytics, creativity + collaboration, data literacy","conversion rate, LTV/CAC + quality score, ROI","GA4, Mixpanel + Airtable, Jira"
Marketing,Performance Marketer v6,"paid ads, PPC, ROAS, funnels + forecasting, optimization, benchmarking","data-driven thinking + adaptability, data literacy","ROAS, CPA + quality score, efficiency","Google Ads, Meta Ads + Figma, Asana"
Marketing,Content Marketer v6,"content, SEO, storytelling, copywriting + reporting, cross-functional, alignment","writing, SEO + technical communication, stakeholder management","organic traffic, engagement + efficiency, velocity","Ahrefs, SEMrush + Figma, Miro"
Marketing,SEO Specialist v6,"keywords, ranking, backlinks, SERP + alignment, strategy, cross-functional","technical SEO + data literacy, adaptability","organic traffic + quality score, growth rate","Ahrefs, Screaming Frog + Airtable, Power BI"
Marketing,Product Marketing v6,"positioning, messaging, personas + prioritization, reporting, strategy","market analysis + collaboration, time management","adoption, retention + accuracy, quality score","Notion, Figma + Figma, Looker"
Marketing,Community Manager v6,"community, engagement, social media + experimenting, roadmapping, strategy","communication + critical thinking, problem solving","engagement rate + velocity, ROI","Discord, LinkedIn + Looker, Power BI"
Product,Product Manager v6,"roadmap, backlog, discovery, MVP, prioritization + prioritization, automation, optimization","strategic thinking, communication + critical thinking, technical communication","feature adoption, retention + velocity, ROI","Jira, Productboard + Slack, Google Workspace"
Product,Product Owner v6,"backlog, user stories, agile + scaling, optimization, analysis","requirements mgmt + technical communication, adaptability","sprint velocity + growth rate, accuracy","Jira + Power BI, Notion"
Product,UX Researcher v6,"user research, interviews, personas + benchmarking, strategy, reporting","empathy, analysis + adaptability, stakeholder management","insights generated + throughput, efficiency","UserTesting + Figma, Looker"
Product,UX Designer v6,"UX, UI, wireframes, prototypes + analysis, reporting, experimenting","design thinking + stakeholder management, critical thinking","usability score + ROI, growth rate","Figma + Asana, Slack"
Product,Product Analyst v6,"metrics, cohorts, funnels + execution, roadmapping, reporting","data analysis + stakeholder management, time management","retention, DAU/MAU + throughput, accuracy","SQL, Amplitude + Slack, Miro"
Engineering,Frontend Developer v6,"React, UI, performance, APIs + analysis, cross-functional, metrics","coding, debugging + problem solving, time management","deployment frequency + growth rate, efficiency","GitHub, React + Power BI, Google Workspace"
Engineering,Backend Developer v6,"APIs, databases, architecture + reporting, strategy, cross-functional","system design + problem solving, adaptability","latency, uptime + velocity, accuracy","Node, Python + Miro, Jira"
Engineering,Full Stack Developer v6,"frontend, backend, databases + benchmarking, roadmapping, experimenting","versatility + problem solving, collaboration","delivery speed + growth rate, cycle time","GitHub + Jira, Power BI"
Engineering,Mobile Developer v6,"iOS, Android, apps + prioritization, analysis, strategy","mobile dev + technical communication, time management","crash rate + efficiency, throughput","Swift, Kotlin + Jira, Slack"
Engineering,DevOps Engineer v6,"CI/CD, cloud, infrastructure + strategy, execution, cross-functional","automation + technical communication, data literacy","uptime, MTTR + ROI, throughput","AWS, Docker + Slack, Airtable"
Engineering,QA Engineer v6,"testing, automation, bugs + experimenting, automation, analysis","attention to detail + data literacy, critical thinking","defect rate + velocity, growth rate","Selenium + Google Workspace, Jira"
Engineering,Tech Lead v6,"architecture, mentoring, code quality + cross-functional, benchmarking, execution","leadership + collaboration, data literacy","delivery predictability + cycle time, ROI","GitHub + Notion, Miro"
Engineering,CTO v6,"technology strategy, scalability + execution, roadmapping, reporting","leadership, vision + stakeholder management, data literacy","platform stability + growth rate, velocity","Cloud platforms + Slack, Notion"
Customer Success,CSM v6,"onboarding, adoption, retention, NPS + execution, experimenting, forecasting","relationship mgmt + problem solving, critical thinking","NRR, churn + quality score, efficiency","Gainsight + Notion, Asana"
Customer Success,Support Agent v6,"tickets, troubleshooting, SLA + cross-functional, alignment, execution","problem-solving + adaptability, stakeholder management","CSAT, response time + ROI, accuracy","Zendesk + Google Workspace, Notion"
Customer Success,Implementation Manager v6,"onboarding, integration + metrics, experimenting, execution","project mgmt + problem solving, time management","time-to-value + velocity, ROI","Jira + Asana, Power BI"
Customer Success,Head of CS v6,"retention strategy, scaling + experimenting, scaling, strategy","leadership + collaboration, problem solving","NRR, churn + growth rate, velocity","CRM tools + Jira, Slack"
HR,Recruiter v6,"hiring, sourcing, interviews + scaling, cross-functional, optimization","communication + collaboration, critical thinking","time-to-hire + quality score, ROI","LinkedIn Recruiter + Looker, Notion"
HR,HR Manager v6,"policies, culture, compliance + experimenting, scaling, reporting","leadership + problem solving, critical thinking","attrition rate + cycle time, efficiency","BambooHR + Figma, Notion"
HR,People Partner v6,"engagement, performance + benchmarking, scaling, roadmapping","coaching + problem solving, data literacy","engagement score + cycle time, efficiency","Lattice + Jira, Slack"
HR,L&D Specialist v6,"training, development + prioritization, analysis, metrics","instructional design + problem solving, technical communication","training completion + cycle time, velocity","LMS + Slack, Power BI"
HR,Payroll Specialist v6,"payroll, compensation + reporting, metrics, benchmarking","accuracy + problem solving, time management","payroll errors + throughput, ROI","ADP + Miro, Google Workspace"
Finance,CFO v6,"financial strategy, forecasting, capital + forecasting, cross-functional, scaling","leadership + data literacy, problem solving","EBITDA + quality score, cycle time","Excel + Asana, Power BI"
Finance,Financial Analyst v6,"budgeting, forecasting, modeling + metrics, execution, alignment","analytics + problem solving, data literacy","variance + efficiency, velocity","Excel, Power BI + Figma, Power BI"
Finance,Accountant v6,"accounting, reporting, compliance + reporting, strategy, alignment","precision + adaptability, time management","closing time + velocity, accuracy","SAP + Google Workspace, Power BI"
Finance,FP&A v6,"planning, metrics, business insights + reporting, metrics, prioritization","analysis + collaboration, time management","forecast accuracy + growth rate, quality score","Excel + Slack, Figma"
Finance,AR/AP Specialist v6,"invoicing, collections + execution, metrics, experimenting","organization + technical communication, problem solving","DSO + quality score, accuracy","ERP systems + Notion, Miro"
Data,Data Analyst v6,"SQL, dashboards, insights + reporting, analysis, prioritization","analytics + problem solving, data literacy","data accuracy + growth rate, throughput","SQL, Tableau + Slack, Airtable"
Data,Data Scientist v6,"ML, models, predictions + strategy, automation, execution","statistics + time management, stakeholder management","model accuracy + ROI, velocity","Python + Jira, Google Workspace"
Data,Analytics Engineer v6,"pipelines, transformation + strategy, prioritization, execution","data engineering + data literacy, adaptability","pipeline reliability + cycle time, accuracy","dbt + Asana, Airtable"
Data,Head of Data v6,"data strategy, governance + prioritization, metrics, reporting","leadership + adaptability, collaboration","data adoption + efficiency, cycle time","Snowflake + Airtable, Notion"
Operations,Operations Manager v6,"processes, efficiency, scalability + roadmapping, experimenting, scaling","optimization + time management, technical communication","cost reduction + velocity, cycle time","Asana + Jira, Figma"
Operations,Business Operations v6,"strategy, execution + scaling, alignment, experimenting","cross-functional thinking + time management, technical communication","OKRs + ROI, throughput","Notion + Figma, Notion"
Operations,Supply Chain Manager v6,"logistics, inventory + automation, forecasting, strategy","planning + problem solving, critical thinking","lead time + velocity, quality score","ERP + Figma, Notion"
Operations,Project Manager v6,"timelines, scope, resources + optimization, experimenting, roadmapping","organization + technical communication, adaptability","delivery rate + accuracy, efficiency","Jira + Miro, Looker"
Legal,Legal Counsel v6,"contracts, compliance, risk + experimenting, metrics, benchmarking","legal expertise + problem solving, technical communication","contract cycle time + growth rate, cycle time","DocuSign + Airtable, Slack"
Legal,Compliance Officer v6,"regulations, audits + alignment, experimenting, benchmarking","attention to detail + data literacy, time management","compliance rate + ROI, throughput","GRC tools + Power BI, Miro"
Legal,Paralegal v6,"documentation, research + reporting, prioritization, experimenting","organization + data literacy, stakeholder management","case turnaround + velocity, growth rate","Legal software + Slack, Looker"
IT,IT Support v6,"troubleshooting, hardware, software + experimenting, execution, metrics","technical support + adaptability, technical communication","ticket resolution + velocity, efficiency","ServiceNow + Miro, Jira"
IT,System Administrator v6,"networks, servers, security + automation, strategy, cross-functional","infrastructure + time management, critical thinking","uptime + throughput, efficiency","Linux + Looker, Airtable"
IT,Security Engineer v6,"cybersecurity, threat detection + prioritization, metrics, cross-functional","risk management + technical communication, collaboration","incidents + quality score, efficiency","SIEM tools + Jira, Google Workspace"
IT,IT Manager v6,"IT strategy, systems + experimenting, metrics, cross-functional","leadership + time management, critical thinking","downtime + ROI, growth rate","ITSM tools + Power BI, Asana"
